{
  "change_percent_3__beta_2": 0.03459451294972848,
  "change_percent_3__atr_2": -0.017403384242107425,
  "change_percent_3__sma20_percent_2": -0.01416825262471626,
  "change_percent_3__sma50_percent_2": 0.03632259040114344,
  "change_percent_3__sma200_percent_2": 0.055725034575154084,
  "change_percent_3__high_52w_percent_2": 0.0539662369274938,
  "change_percent_3__low_52w_percent_2": 0.0852723578644126,
  "change_percent_3__rsi_2": 0.04752006761878228,
  "change_percent_3__price_2": -0.048248126821679456,
  "change_percent_3__change_percent_2": 0.11567563486436379,
  "change_percent_3__from_open_percent_2": 0.01502556639863044,
  "change_percent_3__gap_2": 0.12185741683239368,
  "change_percent_3__volume_2": -0.04919604963863502,
  "change_percent_3__beta_1": 0.024295889348492524,
  "change_percent_3__atr_1": -0.016103957536696384,
  "change_percent_3__sma20_percent_1": -0.08108154167756464,
  "change_percent_3__sma50_percent_1": -0.006505902211880742,
  "change_percent_3__sma200_percent_1": 0.032377521513390475,
  "change_percent_3__high_52w_percent_1": 0.022182296996930372,
  "change_percent_3__low_52w_percent_1": 0.05654617566409604,
  "change_percent_3__rsi_1": 0.0014723649816714157,
  "change_percent_3__price_1": -0.04101946183997389,
  "change_percent_3__change_percent_1": -0.03564650917173692,
  "change_percent_3__from_open_percent_1": -0.0003412957778612579,
  "change_percent_3__gap_1": -0.07272002841960636,
  "change_percent_3__volume_1": -0.0848853129956633
}